Domain,Have_IP,Have_At,URL_Length,URL_Depth,Redirection,https_Domain,TinyURL,Prefix/Suffix,DNS_Record,Domain_Age,Domain_End,iFrame,Mouse_Over,Right_Click,Web_Forwards,Label
storageapi-stg.fleek.one,0,0,1,3,0,0,0,1,0,0,1,0,1,1,0,1
uniquelyoursug.com,0,1,1,2,0,0,0,0,0,0,0,1,1,1,1,1
pepelara.com,0,0,0,2,0,0,0,0,0,1,1,0,1,1,0,1
whoppingamazingcopycat.mweuf3284.repl.co,0,0,0,0,0,0,0,0,0,1,1,1,1,1,1,1
pan-cake.exchange,0,0,0,0,0,0,0,1,0,1,1,1,1,1,1,1
storageapi.fleek.one,0,0,1,3,0,0,0,0,0,0,1,0,1,1,0,1
mail.piedadmrodriguez.com,0,0,1,4,0,0,0,0,0,1,1,1,1,1,1,1
caseid100481965481019815.firebaseapp.com,0,0,0,0,0,0,0,0,1,1,1,1,1,1,0,1
lexy.pages.dev,0,0,0,0,0,0,0,0,0,1,1,1,1,1,0,1
irs.primeramfbank.com,0,0,1,2,0,0,0,0,0,0,0,1,1,1,1,1
agencebp02.web.app,0,0,0,0,0,0,0,0,0,1,1,1,1,1,0,1
bullettrainbtn2.blogspot.com,0,0,0,0,0,0,1,0,1,1,1,0,1,1,0,1
bkd.madiunkab.go.id,0,0,1,5,0,0,0,0,0,0,0,1,1,1,1,1
krowdel.pl,0,0,0,5,0,0,0,0,1,1,1,1,1,1,1,1
bpjyeo7cfcccaqh5etkjsalqyng7mzhj27hwxreyo4oayn66ghsa.arweave.net,0,0,1,1,0,0,0,0,0,0,0,1,1,1,0,1
file-share-from-campbell-folder-view.web.app,0,0,0,0,0,0,0,1,0,1,1,1,1,1,0,1
a28fe872-114f-4791-ba90-1beb55636700.id.repl.co,0,0,1,0,0,0,0,1,0,1,1,1,1,1,0,1
mmocorporation2017.com,0,0,0,1,0,0,0,0,0,0,0,1,1,1,1,1
ama.01-jp.com,0,0,0,0,0,0,0,1,0,0,0,1,1,1,1,1
5a5503a9-bea9-481b-af63-399592b26b06.id.repl.co,0,0,1,2,0,0,0,1,0,1,1,1,1,1,0,1
re-redirection-acc-id923872635122.blogspot.com,0,0,1,0,0,0,1,1,1,1,1,0,1,1,1,1
c2mep-reg.com,0,0,0,4,0,0,0,1,0,0,0,1,1,1,1,1
saatvikholidays.com,0,0,0,1,0,0,0,0,0,1,1,1,1,1,0,1
globalbeautyimport.com,0,0,0,3,0,0,1,0,0,1,1,0,1,1,0,1
entregascorreos.page.link,0,0,0,1,0,0,0,0,0,1,1,1,1,1,1,1
3uml42q7h5iwui7w6za2po5gwxuhzah3i7ywuunmnlle6cye-ipfs-w3s-link.translate.goog,0,1,1,1,0,0,0,1,0,1,1,0,1,1,0,1
93kk3322po.ij389276155.repl.co,0,0,0,0,0,0,0,0,0,1,1,1,1,1,0,1
sweepstakes25.godaddysites.com,0,0,0,0,0,0,0,0,0,1,1,0,1,1,0,1
syd1.digitaloceanspaces.com,0,1,1,3,0,0,1,0,0,0,1,1,1,1,0,1
mjaymup1bhk0mtf0aa.filesusr.com,0,0,1,2,0,0,0,0,0,1,1,1,1,1,0,1
bunlorad.web.app,0,0,0,0,0,0,0,0,0,1,1,1,1,1,0,1
intmecarref.web.app,0,0,0,0,0,0,0,0,0,1,1,1,1,1,0,1
fb-restriction-case-5e7cd.firebaseapp.com,0,0,0,0,0,0,0,1,1,1,1,1,1,1,0,1
hipercomcove.info,0,0,0,0,0,0,0,0,0,0,0,1,1,1,1,1
labinstruments.org,0,0,0,1,0,0,0,0,0,0,1,1,1,1,1,1
partageetharmonie.web.app,0,0,0,0,0,0,0,0,0,1,1,1,1,1,0,1
mdex-dao.org,0,0,0,0,0,0,0,1,0,0,0,1,1,1,1,1
jazzlyxkyy.duckdns.org,0,0,0,0,0,0,0,0,0,1,1,1,1,1,1,1
qw8-kmb8.firebaseapp.com,0,0,0,0,0,0,0,1,1,1,1,1,1,1,0,1
is.gd,0,0,0,1,0,0,1,0,0,1,1,1,1,1,0,1
fonction-pst.web.app,0,0,0,0,0,0,0,1,0,1,1,1,1,1,0,1
bake-coti.org,0,0,0,0,0,0,0,1,0,0,0,1,1,1,1,1
binance-x-metamask.com,0,0,0,0,0,0,0,1,0,0,0,1,1,1,1,1
ipfs.best-practice.se,0,0,1,3,0,0,0,1,0,0,1,1,1,1,1,1
case1004300386.firebaseapp.com,0,0,0,0,0,0,0,0,1,1,1,1,1,1,0,1
att-108965.weeblysite.com,0,0,0,0,0,0,0,1,0,1,1,1,1,1,0,1
nuevacofnirim.048389340b.repl.co,0,0,0,0,0,0,0,0,0,1,1,1,1,1,1,1
outlook-web-97b48.firebaseapp.com,0,0,0,0,0,0,0,1,1,1,1,1,1,1,0,1
coinbasedefi.one,0,0,0,0,0,0,0,0,0,0,0,1,1,1,1,1
bezahlen.net,0,0,0,2,0,0,0,0,0,0,1,0,1,1,0,1
att-104003.weeblysite.com,0,0,0,0,0,0,0,1,0,1,1,1,1,1,0,1
serviciodecorreo.arfjewelry.com,0,0,0,0,0,0,0,0,0,0,0,1,1,1,0,1
dev-24horasenlinea-seguridad-bisa.pantheonsite.io,0,0,1,0,0,0,0,1,0,1,1,1,1,1,0,1
help-center692.crabdance.com,0,0,0,1,0,0,0,1,0,0,0,1,1,1,1,1
caseid10035896345897345.web.app,0,0,0,0,0,0,0,0,0,1,1,1,1,1,0,1
s76228.gridserver.com,0,0,1,4,0,0,0,0,0,1,1,1,1,1,1,1
suite-trezo.io,0,0,0,2,0,0,0,1,0,0,0,1,1,1,1,1
15ad78dd-b641-4b56-ab5d-818670b7a46f.id.repl.co,0,0,1,0,0,0,0,1,0,1,1,1,1,1,0,1
case1004300386.web.app,0,0,0,0,0,0,0,0,0,1,1,1,1,1,0,1
rcube000005.firebaseapp.com,0,0,0,0,0,0,0,0,1,1,1,1,1,1,0,1
wrroca.webwave.dev,0,0,0,0,0,0,0,0,0,0,0,1,1,1,0,1
roundcube-updatealx.firebaseapp.com,0,0,0,0,0,0,0,1,1,1,1,1,1,1,0,1
tinyurl.com,0,0,0,1,0,0,1,0,0,0,1,0,1,1,0,1
demo2.cloudwp.dev,0,0,0,2,0,0,0,0,0,0,1,1,1,1,0,1
ass-maladievitaie-info.com,0,0,0,0,0,0,0,1,0,0,0,1,1,1,1,1
musgehwnsdkf.godaddysites.com,0,0,0,0,0,0,0,0,0,1,1,1,1,1,0,1
vaiotomoakci.site.com.br,0,0,0,0,0,0,0,0,0,1,1,1,1,1,0,1
xn--zkync-kdb.com,0,0,0,0,0,0,0,1,0,0,0,1,1,1,1,1
sfr-confirmation.fr,0,0,0,0,0,0,0,1,0,1,1,1,1,1,1,1
help-center524.crabdance.com,0,0,0,1,0,0,0,1,0,1,1,1,1,1,1,1
help-center513.crabdance.com,0,0,0,1,0,0,0,1,0,0,0,1,1,1,1,1
blurdrop.net,0,0,0,0,0,0,0,0,0,0,0,1,1,1,1,1
www-metmask.com,0,0,0,1,0,0,0,1,0,0,0,1,1,1,1,1
bbbbbbbttttttttttbbbbbbbb94984.godaddysites.com,0,0,1,0,0,0,0,0,0,1,1,1,1,1,0,1
faturarennerdigitalagora.com,0,0,1,2,0,0,0,0,0,0,0,1,1,1,1,1
nfcuif.link,0,0,0,1,0,0,0,0,0,1,1,1,1,1,0,1
att-107623.weeblysite.com,0,0,0,0,0,0,0,1,0,1,1,1,1,1,0,1
amazon-fddtuyt.mrbonus.com,0,0,0,0,0,0,0,1,0,0,1,1,1,1,1,1
fervent-aryabhata.146-190-144-243.plesk.page,0,0,1,1,0,0,0,1,0,1,1,1,1,1,1,1
bullettrainbtn5.blogspot.com,0,0,0,0,0,0,1,0,1,1,1,0,1,1,0,1
mmhiibtrio.temp.swtest.ru,0,0,1,2,0,0,0,0,0,0,0,1,1,1,1,1
chikkuthomas.github.io,0,0,0,1,0,0,0,0,0,1,1,1,1,1,0,1
rerkilokko.weebly.com,0,0,0,0,0,0,0,0,0,0,1,1,1,1,0,1
help-center330.crabdance.com,0,0,0,1,0,0,0,1,0,0,0,1,1,1,1,1
boumedremerese.web.app,0,0,0,0,0,0,0,0,0,1,1,1,1,1,0,1
clienteseguroacessoexclusivo.blogspot.com,0,0,1,0,0,0,1,0,1,1,1,0,1,1,0,1
mjaymup1bhk1mtr0aa.filesusr.com,0,0,1,2,0,0,0,0,0,1,1,1,1,1,0,1
sante-monespace-carte.fr,0,0,0,0,0,0,0,1,0,1,1,1,1,1,1,1
outlookcom165.yolasite.com,0,0,0,0,0,0,0,0,1,1,1,1,1,1,0,1
flxerros2.web.app,0,0,0,0,0,0,0,0,0,1,1,1,1,1,0,1
sxcuservice.top,0,0,0,1,0,0,0,0,0,0,0,1,1,1,1,1
maxusdtdefi.cc,0,0,0,0,0,0,0,0,0,1,1,1,1,1,1,1
bizcorp4u.com,0,0,0,1,0,0,0,0,0,1,1,0,1,1,0,1
att-109934.weeblysite.com,0,0,0,0,0,0,0,1,0,1,1,1,1,1,0,1
ortuspropertysolutions.co.uk,0,0,1,4,0,0,0,0,0,0,1,1,1,1,0,1
autofieldindia.com,0,0,0,1,0,0,0,0,0,0,1,1,1,1,1,1
vhee.o6cc.cfgliders.com.,0,0,1,0,0,0,0,0,0,1,1,1,1,1,0,1
goto-koyamato-co.abios.tjrhbut.cn,0,0,0,0,0,0,0,1,1,1,1,1,1,1,1,1
accessoclientiweb.medanbh.com,0,0,0,1,0,0,0,0,0,1,1,1,1,1,1,1
brooks-xsdauofc.top,0,0,1,1,0,0,0,1,0,1,1,1,1,1,1,1
anaz0m.c0.1p.nqmtjs.com,0,0,0,2,0,0,0,0,0,0,0,1,1,1,1,1
app-murphy.i8ovmjv8ey-v1p3zvlqj4ye.p.temp-site.link,0,0,1,0,0,0,0,1,0,1,1,1,1,1,1,1
pxoqwrxdlu.duckdns.org,0,0,0,0,0,0,0,0,0,1,1,1,1,1,1,1
computertechs.com,0,0,1,2,0,0,0,0,0,0,0,1,1,1,0,1
dms-mining.com.na,0,0,1,3,0,0,0,1,0,1,1,0,1,1,0,1
20-166-63-210.cprapid.com,0,0,1,4,0,0,0,1,0,0,1,1,1,1,1,1
etc-dhfdr.wikaba.com,0,0,0,0,0,0,0,1,0,0,0,1,1,1,1,1
erd-tvvge.formstack.com,0,0,0,2,0,0,0,1,0,0,0,0,1,1,0,1
bit.ly,0,0,0,1,0,0,1,0,0,0,1,0,1,1,0,1
sn3-kdg3b.web.app,0,0,0,0,0,0,0,1,0,1,1,1,1,1,0,1
congratulations97.godaddysites.com,0,0,0,0,0,0,0,0,0,1,1,1,1,1,0,1
sif-5ba.firebaseapp.com,0,0,0,0,0,0,0,1,1,1,1,1,1,1,0,1
help-center373.crabdance.com,0,0,0,1,0,0,0,1,0,1,1,1,1,1,1,1
dylanfox.com.au,0,0,0,1,0,0,1,0,0,1,1,0,1,1,0,1
ipfs.io,0,0,1,2,0,0,0,0,0,0,1,1,1,1,1,1
caisse-assu-maladie.fr,0,0,0,1,0,0,0,1,0,1,1,1,1,1,1,1
sz1sz.com,0,0,0,2,0,0,0,0,0,1,1,0,1,1,0,1
bswap-finance.web.app,0,0,0,0,0,0,0,1,0,1,1,0,1,1,0,1
bafybeia6pa2stquojkauqbrk7ymggry24fwg4eb3hmhwplfhnjnyzgwvy4.ipfs.fleek.cool,0,0,1,0,0,0,0,0,0,0,1,1,1,1,0,1
documentation004-service012.web.app,0,0,0,0,0,0,0,1,0,1,1,1,1,1,0,1
interno01-dipartimento.me,0,0,0,0,0,0,0,1,0,1,1,1,1,1,1,1
blue-king-b8c1.mailatt.workers.dev,0,0,0,0,0,0,0,1,0,1,1,1,1,1,0,1
sites.google.com,0,0,0,3,0,0,0,0,0,1,1,0,1,1,0,1
forms.gle,0,0,0,1,0,0,0,0,0,1,1,1,1,1,0,1
fonction-pst1.firebaseapp.com,0,0,0,0,0,0,0,1,1,1,1,1,1,1,0,1
sprrsolutions.in,0,0,0,0,0,0,0,0,0,0,1,0,1,1,0,1
bio.link,0,0,1,1,0,0,0,0,0,1,1,0,1,1,0,1
opensea.io.pfv.com.co,0,0,0,0,0,0,0,0,0,0,0,1,1,1,1,1
wordpress-923061-3204009.cloudwaysapps.com,0,0,1,2,0,0,0,1,0,0,1,1,1,1,1,1
cafe5m.com,0,0,0,1,0,0,0,0,0,1,1,1,1,1,1,1
freenikah.in,0,0,0,1,0,0,0,0,0,0,0,0,1,1,0,1
ipfs.io,0,0,1,2,0,0,0,0,0,0,1,1,1,1,1,1
bremthwerei.web.app,0,0,0,0,0,0,0,0,0,1,1,1,1,1,0,1
globalnews18.in,0,0,0,0,0,0,0,0,0,0,1,1,1,1,1,1
help-center83.crabdance.com,0,0,0,1,0,0,0,1,0,1,1,1,1,1,1,1
xzdedesa.cxsdder.repl.co,0,0,0,0,0,0,0,0,0,1,1,1,1,1,1,1
geralservicosexpress.com,0,0,1,1,0,0,0,0,0,1,1,1,1,1,1,1
apiwhesgooe4560.page.link,0,0,0,1,0,0,0,0,0,1,1,0,1,1,0,1
amazon-gytrdxsfd.dns04.com,0,0,0,0,0,0,0,1,0,0,1,1,1,1,1,1
0589ba7c-78df-4892-a0fe-a08597bc703e.id.repl.co,0,0,1,0,0,0,0,1,0,1,1,1,1,1,0,1
storage.yandexcloud.net,0,0,1,2,0,0,0,0,1,1,1,1,1,1,0,1
jaduavas.the-minting.com,0,0,0,0,0,0,0,1,0,0,0,0,1,1,0,1
steve08.byethost32.com,0,0,0,0,0,0,0,0,0,0,0,1,1,1,0,1
ama-co-upandasn.cndonglong.com.cn,0,0,0,0,0,0,0,1,1,1,1,1,1,1,1,1
vmi1170835.contaboserver.net,0,0,0,1,0,0,0,0,0,0,1,1,1,1,1,1
smbc-aa8.shop,0,0,0,0,0,0,0,1,0,0,0,1,1,1,1,1
amazon-qasdex.mefound.com,0,0,0,0,0,0,0,1,0,0,0,1,1,1,1,1
owarstmp000002.firebaseapp.com,0,0,0,0,0,0,0,0,1,1,1,1,1,1,0,1
vinted-pl-gj32d.meisyo.xyz,0,0,1,2,0,0,0,1,0,0,0,1,1,1,1,1
mp-osteo.fr,0,0,1,6,0,0,0,1,0,0,0,1,1,1,1,1
sadatcoldstorage.com,0,0,1,4,0,0,0,0,0,0,0,1,1,1,0,1
att-108550.weeblysite.com,0,0,0,0,0,0,0,1,0,1,1,1,1,1,0,1
regt.eu,0,0,0,0,0,0,0,0,0,1,1,0,1,1,0,1
sitebuilder184272.dynadot.com,0,0,0,0,0,0,1,0,0,0,1,1,1,1,0,1
dapps-connect.herokuapp.com,0,0,0,0,0,0,0,1,1,1,1,0,1,1,0,1
30202211centerpege.rf.gd,0,0,0,0,0,0,0,0,0,1,1,1,1,1,0,1
connexion-secure.103-155-93-161.plesk.page,0,0,0,0,0,0,0,1,0,1,1,1,1,1,1,1
rcube000001.web.app,0,0,0,0,0,0,0,0,0,1,1,1,1,1,0,1
web-6967e.firebaseapp.com,0,0,0,0,0,0,0,1,1,1,1,1,1,1,0,1
indd.adobe.com,0,0,1,2,0,0,0,0,0,1,1,1,1,1,0,1
help-center343.crabdance.com,0,0,0,1,0,0,0,1,0,1,1,1,1,1,1,1
mypostal-update.com,0,0,0,1,0,0,0,1,0,0,0,1,1,1,1,1
socconnect.latelierbarbershop.com,0,0,1,3,0,0,0,0,0,0,0,1,1,1,1,1
dpd-dorstrowka102.downpahgro.cf,0,0,1,0,0,0,0,1,0,1,1,0,1,1,0,1
roundcube090012.web.app,0,0,0,0,0,0,0,0,0,1,1,0,1,1,0,1
etc-nsgfznbx.ikwb.com,0,0,0,0,0,0,0,1,0,0,0,1,1,1,1,1
s3.amazonaws.com,0,0,1,3,0,0,0,0,0,1,1,1,1,1,0,1
limi-llll-ttt-eeee.web.app,0,0,0,0,0,0,0,1,0,1,1,1,1,1,0,1
carnavalluiza.online,0,0,0,0,0,0,0,0,0,0,0,1,1,1,1,1
steverossiter.com,0,0,0,1,0,0,0,0,1,1,1,1,1,1,1,1
bisea00bo.biseaabo.repl.co,0,0,0,2,0,0,0,0,0,1,1,1,1,1,1,1
reverent-archimedes.45-81-232-18.plesk.page,0,0,0,0,0,0,0,1,0,1,1,1,1,1,1,1
secure-runescape.xgm.rnp.mybluehost.me,0,0,0,0,0,0,0,1,0,0,1,1,1,1,0,1
yoga4you.com.au,0,0,0,1,0,0,0,0,0,1,1,1,1,1,0,1
gabihazut.co.il,0,0,0,2,0,0,1,0,0,1,0,0,1,1,0,1
trackztrayce.com,0,0,0,2,0,0,0,0,0,0,1,1,1,1,1,1
outlook-web-97b48.web.app,0,0,0,0,0,0,0,1,0,1,1,1,1,1,0,1
oxoxun.link,0,0,0,1,0,0,0,0,0,1,1,1,1,1,0,1
vesper-ai.com,0,0,0,0,0,0,0,1,0,1,1,1,1,1,0,1
secure.theawakeningofanangel.com,0,0,0,1,0,0,0,0,0,1,1,1,1,1,1,1
bamrrserva.breservando.repl.co,0,0,0,0,0,0,0,0,0,1,1,1,1,1,1,1
us-east4-black-octagon-376806.cloudfunctions.net,0,0,1,1,0,0,0,1,1,1,1,1,1,1,1,1
constablerice.com,0,0,0,1,0,0,0,0,0,1,1,1,1,1,0,1
maryannmoise.com,0,0,0,1,0,0,0,0,0,1,1,0,1,1,0,1
files-secure-folder.ansimapreg.workers.dev,0,0,0,0,0,0,0,1,0,1,1,0,1,1,0,1
caisseing-be.firebaseapp.com,0,0,0,0,0,0,0,1,1,1,1,1,1,1,0,1
bancsdfa23.banca2423.repl.co,0,0,0,0,0,0,0,0,0,1,1,1,1,1,1,1
ju-109060.weeblysite.com,0,0,0,0,0,0,0,1,0,1,1,1,1,1,0,1
dev-uysxpecyr.pantheonsite.io,0,0,0,0,0,0,0,1,0,1,1,1,1,1,0,1
bafkreiehno4e7qml6tlxdivex4x4gianv2akf3eoyghmtzknihu2wstqm4.ipfs.w3s.link,0,0,1,0,0,0,0,0,0,0,1,1,1,1,0,1
thedoc-sharedrive-0utlook.firebaseapp.com,0,0,0,0,0,0,0,1,1,1,1,1,1,1,0,1
carta-processotitolare.com,0,0,0,0,0,0,0,1,1,1,1,1,1,1,1,1
myether-wall.top,0,0,0,1,0,0,0,1,0,0,0,1,1,1,1,1
fevrier-897c1.firebaseapp.com,0,0,0,0,0,0,0,1,1,1,1,1,1,1,0,1
hhicsc.webwave.dev,0,0,1,3,0,0,0,0,0,0,0,1,1,1,0,1
dev-protegerdatos-homeitau.pantheonsite.io,0,0,0,0,0,0,0,1,0,1,1,1,1,1,0,1
amdan-azo-co.laisnd.azhcvt.top,0,0,0,0,0,0,0,1,0,1,1,1,1,1,1,1
airdrop-zksync.com,0,0,0,0,0,0,0,1,0,1,1,1,1,1,0,1
mttbs-hiplo09.firebaseapp.com,0,0,0,0,0,0,0,1,1,1,1,1,1,1,0,1
client.pfaff-embroidery.eu,0,0,0,1,0,0,0,1,0,1,1,1,1,1,0,1
help-center391.crabdance.com,0,0,0,1,0,0,0,1,0,1,1,1,1,1,1,1
ebfqthkfyf.duckdns.org,0,0,0,0,0,0,0,0,0,1,1,1,1,1,1,1
consenti-restrizione.com,0,0,0,0,0,0,0,1,0,0,0,1,1,1,1,1
help-center585.crabdance.com,0,0,0,1,0,0,0,1,0,1,1,1,1,1,1,1
eki-ehery.longmusic.com,0,0,0,0,0,0,0,1,0,0,0,1,1,1,1,1
help-center582.crabdance.com,0,0,0,1,0,0,0,1,0,0,0,1,1,1,1,1
which0x001.firebaseapp.com,0,0,0,0,0,0,0,0,1,1,1,1,1,1,0,1
cpcontacts.chloebroadcasting.shopnexusbroadcast.com,0,0,1,0,0,0,1,0,0,0,1,1,1,1,0,1
thevinylspectrum.com,0,1,0,2,0,0,0,0,0,0,0,0,1,1,0,1
status-review-100256681991.web.app,0,0,0,0,0,0,0,1,0,1,1,0,1,1,0,1
firstclass222.w3spaces.com,0,0,0,0,0,0,0,0,0,0,0,0,1,1,0,1
accedi-utente-it.67-223-117-171.cprapid.com,0,0,1,2,0,0,0,1,0,0,1,1,1,1,1,1
dpgbsfsyca.duckdns.org,0,0,0,0,0,0,0,0,0,1,1,1,1,1,1,1
owarstmp000007.web.app,0,0,0,0,0,0,0,0,0,1,1,1,1,1,0,1
hjy.biblo.top,0,0,0,0,0,0,0,0,0,0,0,1,1,1,1,1
is.gd,0,0,0,1,0,0,1,0,0,1,1,1,1,1,0,1
svm-1u.firebaseapp.com,0,0,0,0,0,0,0,1,1,1,1,1,1,1,0,1
bragativoe.web.app,0,0,0,0,0,0,0,0,0,1,1,1,1,1,0,1
me4sport.com,0,1,0,1,0,0,1,0,0,0,1,1,1,1,0,1
bpsync3.web.app,0,0,0,0,0,0,0,0,0,1,1,1,1,1,0,1
chimesweepstakes62.godaddysites.com,0,0,0,0,0,0,0,0,0,1,1,1,1,1,0,1
bitkub-lojascacula.blogspot.com,0,0,0,0,0,0,1,1,1,1,1,0,1,1,0,1
help-center671.crabdance.com,0,0,0,1,0,0,0,1,0,1,1,1,1,1,1,1
att-109695.weeblysite.com,0,0,0,0,0,0,0,1,0,1,1,1,1,1,0,1
dev-usgdfs.pantheonsite.io,0,0,0,0,0,0,0,1,0,1,1,1,1,1,0,1
7b7l.short.gy,0,0,0,1,0,0,0,0,0,0,1,1,1,1,0,1
goonline.bbnppparibas.tech,0,0,0,0,0,0,0,0,0,0,0,1,1,1,1,1
scrtysetting.duckdns.org,0,0,0,0,0,0,0,0,0,1,1,1,1,1,1,1
utre-ddb8a.firebaseapp.com,0,0,0,0,0,0,0,1,1,1,1,1,1,1,0,1
csmoney.domainscsgo.net,0,0,0,0,0,0,0,0,0,0,0,1,1,1,1,1
brooksair.top,0,0,0,1,0,0,0,0,0,1,1,1,1,1,1,1
cubbychase5k10k.org,0,1,1,3,0,0,0,0,0,0,1,1,1,1,1,1
suavit.ca,0,0,1,5,0,0,0,0,0,0,0,1,1,1,1,1
agencebp01.firebaseapp.com,0,0,0,0,0,0,0,0,1,1,1,1,1,1,0,1
beoinvest.tech,0,0,0,1,0,0,0,0,0,0,0,1,1,1,1,1
webmail.salemgroups.com,0,0,1,3,0,0,0,0,0,1,1,1,1,1,0,1
gestione-del-rinnovo.ingdevincenzi.it,0,0,1,1,0,0,0,1,0,0,1,1,1,1,1,1
acikdenizmobiliv2.co.vu,0,0,0,0,0,0,0,0,0,1,1,1,1,1,1,1
metasupport1020340234023432.web.app,0,0,0,0,0,0,0,0,0,1,1,0,1,1,0,1
am22fcu.firebaseapp.com,0,0,0,0,0,0,0,0,1,1,1,1,1,1,0,1
dev-e-bisasecurelogin-bolivia.pantheonsite.io,0,0,1,0,0,0,0,1,0,1,1,1,1,1,0,1
joeroundxx004.firebaseapp.com,0,0,0,0,0,0,0,0,1,1,1,0,1,1,0,1
panelorange.2waky.com,0,0,0,1,0,0,0,0,0,0,0,1,1,1,1,1
office.ways-status.workers.dev,0,0,0,0,0,0,0,1,0,1,1,0,1,1,0,1
help-center425.crabdance.com,0,0,0,1,0,0,0,1,0,1,1,1,1,1,1,1
niscohealth-0utlook-invite.firebaseapp.com,0,0,0,0,0,0,0,1,1,1,1,1,1,1,0,1
addcima.firebaseapp.com,0,0,0,0,0,0,0,0,1,1,1,1,1,1,0,1
230412.repl.co,0,0,0,0,0,0,0,0,0,1,1,1,1,1,0,1
help-center266.crabdance.com,0,0,0,1,0,0,0,1,0,1,1,1,1,1,1,1
qwasw-56dec.web.app,0,0,0,0,0,0,0,1,0,1,1,1,1,1,0,1
brank.ch,0,0,0,1,0,0,0,0,0,1,1,1,1,1,1,1
ga-games-ac.com,0,0,1,2,0,0,0,1,0,0,0,1,1,1,1,1
amazon-hvmnbbm.dns04.com,0,0,0,2,0,0,0,1,0,0,1,1,1,1,1,1
us-east1-black-octagon-376806.cloudfunctions.net,0,0,1,1,0,0,0,1,1,1,1,1,1,1,1,1
kunsamanres.com,0,0,0,0,0,0,0,0,1,1,1,1,1,1,1,1
amazon-dfwrtrt.youdontcare.com,0,0,0,0,0,0,0,1,0,0,0,1,1,1,1,1
realizesolucoesfinancerasonline.ukconstructionsafetysolutions.org,0,0,1,1,0,0,0,0,0,1,1,1,1,1,1,1
sites.google.com,0,0,0,3,0,0,0,0,0,1,1,0,1,1,1,1
help-center376.crabdance.com,0,0,0,1,0,0,0,1,0,1,1,1,1,1,1,1
smbcsejdnnjejehbr.com,0,0,0,0,0,0,0,0,1,1,1,1,1,1,1,1
asw2-mks24.firebaseapp.com,0,0,0,0,0,0,0,1,1,1,1,1,1,1,0,1
id-white-vulture-benfrejchadi350704.codeanyapp.com,0,0,1,3,0,0,0,1,0,1,1,1,1,1,1,1
eclan-h.bar,0,0,0,1,0,0,0,1,0,0,0,1,1,1,1,1
web-51093.web.app,0,0,0,0,0,0,0,1,0,1,1,1,1,1,0,1
help-center200.crabdance.com,0,0,0,1,0,0,0,1,0,1,1,1,1,1,1,1
main.d2d5zvegxeesfi.amplifyapp.com,0,0,1,1,0,0,0,0,0,1,1,1,1,1,1,1
tcatfrjkvj.steven-johnson.workers.dev,0,0,1,0,0,0,0,1,0,1,1,1,1,1,0,1
dev-seguridadenlinea-bancobisa.pantheonsite.io,0,0,1,0,0,0,0,1,0,1,1,1,1,1,0,1
bitwardenlogin.com:443,0,0,0,0,0,0,0,0,0,1,1,1,1,1,1,1
s950444934.onlinehome.us,0,0,0,0,0,0,0,0,0,0,1,1,1,1,1,1
acikdeniz-mobil-basvuru.cf,0,0,0,0,0,0,0,1,0,1,1,1,1,1,1,1
syneoshealthlondon.co.uk.admin-mcas.ms,0,0,0,0,0,0,0,1,0,0,0,1,1,1,0,1
authenticate-0oxsoxauthe.pages.dev,0,0,1,1,0,0,0,1,0,1,1,1,1,1,0,1
appealform6009254729745321.firebaseapp.com,0,0,0,0,0,0,0,0,1,1,1,1,1,1,0,1
s2yiut.webwave.dev,0,0,0,0,0,0,0,0,0,0,0,1,1,1,0,1
raqpilv-dmx-2.tk,0,0,0,1,0,0,0,1,0,1,1,1,1,1,1,1
quyy01.webwave.dev,0,0,0,0,0,0,0,0,0,0,0,1,1,1,0,1
netinterbanhk.site,0,0,1,4,0,0,0,0,0,1,1,1,1,1,1,1
logx_metamsk.godaddysites.com,0,0,0,0,0,0,0,0,0,1,1,1,1,1,0,1
dominionovinho1.com,0,0,1,0,0,0,0,0,0,0,0,1,1,1,0,1
petrichor-uae.com,0,0,0,3,0,0,0,1,0,1,1,1,1,1,0,1
sicur-sienps.com,0,0,0,0,0,0,0,1,0,0,0,1,1,1,1,1
fax07032022doc1-1310019602.cos.na-siliconvalley.myqcloud.com,0,0,1,1,0,0,0,1,0,0,1,1,1,1,0,1
docs.google.com,0,0,1,5,0,0,0,0,0,1,1,0,1,1,1,1
xemaybaotin.vn,0,0,0,4,0,0,0,0,0,1,1,1,1,1,1,1
albasoft.euroventil.de,0,0,0,1,0,0,0,0,0,1,1,1,1,1,1,1
borma.co.id,0,0,0,1,0,0,0,0,0,0,1,1,1,1,0,1
lowkaygfqdggdf.firebaseapp.com,0,0,0,0,0,0,0,0,1,1,1,1,1,1,0,1
devsoft.pt,0,0,0,1,0,0,0,0,0,1,1,1,1,1,1,1
my-site-105294-104399.weeblysite.com,0,0,0,0,0,0,0,1,0,1,1,1,1,1,0,1
proceedencryptions.blogspot.com,0,0,0,0,0,0,1,0,1,1,1,0,1,1,0,1
metafb-r4puxxh.web.app,0,0,0,0,0,0,0,1,0,1,1,1,1,1,0,1
objective-mahavira.194-180-49-224.plesk.page,0,0,1,1,0,0,0,1,0,1,1,1,1,1,1,1
project1-5e069.firebaseapp.com,0,0,0,0,0,0,0,1,1,1,1,1,1,1,0,1
phillyhome4sale.com,0,0,0,0,0,0,0,0,0,1,1,1,1,1,1,1
yjvzc.wholedirty.top,0,0,0,0,0,0,0,0,0,0,0,1,1,1,1,1
dev-itaubancopycom.pantheonsite.io,0,0,0,0,0,0,0,1,0,1,1,1,1,1,0,1
publicmentalhealth.exchange,0,0,0,1,0,0,0,0,0,0,0,1,1,1,1,1
case7771090100-review-appeal.web.app,0,0,0,0,0,0,0,1,0,1,1,1,1,1,0,1
paypmal.top,0,0,0,0,0,0,0,0,0,0,0,1,1,1,1,1
smartfoxapp-cc43c.firebaseapp.com,0,0,0,0,0,0,0,1,1,1,1,0,1,1,0,1
segureviacredi.netsys.mom,0,0,0,0,0,0,0,0,0,1,1,1,1,1,1,1
ff.member.garerna.vn,0,0,1,1,0,0,0,0,0,1,1,1,1,1,1,1
domappcheckomeg3.web.app,0,0,0,0,0,0,0,0,0,1,1,0,1,1,0,1
help-center128.crabdance.com,0,0,0,1,0,0,0,1,0,1,1,1,1,1,1,1
ovqkjajptt.duckdns.org,0,0,0,0,0,0,0,0,0,1,1,1,1,1,1,1
bellsouthverification-6462a1.webflow.io,0,0,0,0,0,0,0,1,0,0,1,1,1,1,0,1
hc5qe9.webwave.dev,0,0,0,0,0,0,0,0,0,0,0,1,1,1,0,1
connection-orangebank-certicode.derlma.com,0,0,1,1,0,0,0,1,0,0,1,1,1,1,1,1
sdpmlf.hyperphp.com,0,0,0,0,0,0,0,0,0,0,0,1,1,1,0,1
sultancompany.com,0,0,0,2,0,0,0,0,0,1,1,1,1,1,0,1
staticmemoriesphotography.ca,0,0,0,1,0,0,0,0,0,0,1,1,1,1,1,1
surveymonkey.com,0,0,0,2,0,0,0,0,0,1,1,0,1,1,0,1
onlwallcone.blogspot.com,0,0,0,0,0,0,1,0,1,1,1,0,1,1,0,1
metafb-shf4839.web.app,0,0,0,0,0,0,0,1,0,1,1,1,1,1,0,1
flutmade.firebaseapp.com,0,0,0,0,0,0,0,0,1,1,1,1,1,1,0,1
portale-web-com.162-0-222-247.cprapid.com,0,0,1,1,0,0,0,1,0,0,1,1,1,1,1,1
invoice-elta.web.app,0,0,0,0,0,0,0,1,0,1,1,1,1,1,0,1
egniol.co.in,0,0,0,0,0,0,0,0,0,0,1,1,1,1,1,1
fsb1cn.webwave.dev,0,0,0,0,0,0,0,0,0,0,0,1,1,1,0,1
connect-seedify.com.pl,0,0,0,0,0,0,0,1,0,0,0,0,1,1,0,1
nysestarts.com,0,0,0,0,0,0,0,0,1,1,1,1,1,1,1,1
0lx-goods.9800078.xyz,0,0,0,3,0,0,0,1,0,1,1,1,1,1,1,1
project5e-1554b.firebaseapp.com,0,0,0,0,0,0,0,1,1,1,1,1,1,1,0,1
bnpparlbas.biz,0,0,0,0,0,0,0,0,0,1,1,1,1,1,1,1
banresrdominican.atconbanre.repl.co,0,0,0,0,0,0,0,0,0,1,1,1,1,1,1,1
eki-dftghgfj.toythieves.com,0,0,0,0,0,0,0,1,0,0,0,1,1,1,1,1
roundcube000mondy04.web.app,0,0,0,0,0,0,0,0,0,1,1,1,1,1,0,1
neversencommun.fr,0,0,1,4,0,0,0,0,0,0,0,1,1,1,0,1
panelweb-4cae2.web.app,0,1,1,2,0,0,0,1,0,1,1,1,1,1,0,1
7div.ir,0,0,1,2,0,0,0,0,0,1,1,1,1,1,0,1
teleolix.tiokickrenimb.cf,0,0,0,0,0,0,0,0,0,1,1,0,1,1,0,1
ionosnight0000004.firebaseapp.com,0,0,0,0,0,0,0,0,1,1,1,1,1,1,0,1
krrakennlugiinnnnnn.godaddysites.com,0,0,0,0,0,0,0,0,0,1,1,1,1,1,0,1
verify-center31.strangled.net,0,0,0,1,0,0,0,1,0,0,0,1,1,1,1,1
bnpparibas-infos5.firebaseapp.com,0,0,0,0,0,0,0,1,1,1,1,1,1,1,0,1
fandecck.000webhostapp.com,0,0,0,1,0,0,0,0,0,0,1,0,1,1,0,1
novaconsultamagalu.com,0,0,1,1,0,0,0,0,0,0,0,1,1,1,1,1
docs.google.com,0,0,1,5,0,0,0,0,0,1,1,1,1,1,0,1
document4c-aabc6.firebaseapp.com,0,0,0,0,0,0,0,1,1,1,1,1,1,1,0,1
visapprepaidedd5.web.app,0,0,0,0,0,0,0,0,0,1,1,1,1,1,0,1
usermyapp1.youdontcare.com,0,0,0,1,0,0,0,0,0,0,0,1,1,1,1,1
creencerater.web.app,0,0,0,0,0,0,0,0,0,1,1,1,1,1,0,1
h5.mhevtwo.top,0,0,0,0,0,0,0,0,0,0,1,1,1,1,1,1
bancaporinternetpe.interbanpe.repl.co,0,0,0,0,0,0,0,0,0,1,1,1,1,1,1,1
fjhwg-1b403.firebaseapp.com,0,0,0,0,0,0,0,1,1,1,1,1,1,1,0,1
federation-popo.web.app,0,0,0,0,0,0,0,1,0,1,1,1,1,1,0,1
dclgesuenx.duckdns.org,0,0,0,0,0,0,0,0,0,1,1,1,1,1,1,1
amazon-a4.shop,0,0,0,0,0,0,0,1,0,0,0,1,1,1,1,1
uniswap.pages.dev,0,0,0,0,0,0,0,0,0,1,1,1,1,1,1,1
amazon-hjhjk.toythieves.com,0,0,0,2,0,0,0,1,0,0,0,1,1,1,1,1
verify-center44.strangled.net,0,0,0,1,0,0,0,1,0,0,0,1,1,1,1,1
so-sogen1.firebaseapp.com,0,0,0,0,0,0,0,1,1,1,1,1,1,1,0,1
frsim-sfn.net,0,0,0,0,0,0,0,1,1,1,1,1,1,1,1,1
s.free.fr,0,0,0,1,0,0,0,0,0,0,1,1,1,1,0,1
link-koyamaton-co.ucuxujk.cn,0,0,0,0,0,0,0,1,1,1,1,1,1,1,1,1
nodeinfosync.surge.sh,0,0,0,1,0,0,0,0,0,0,1,0,1,1,0,1
webdapp-node.pages.dev,0,0,0,0,0,0,0,1,0,1,1,1,1,1,1,1
hapvida.app4shark.com.br,0,0,0,0,0,0,0,0,0,0,0,0,1,1,0,1
flutmade.web.app,0,0,0,0,0,0,0,0,0,1,1,1,1,1,0,1
icolors.in,0,0,0,2,0,0,0,0,0,0,1,1,1,1,0,1
helpmettaa.web.app,0,0,0,0,0,0,0,0,0,1,1,1,1,1,0,1
service5.web.app,0,0,0,0,0,0,0,0,0,1,1,1,1,1,0,1
allineaprofilotramiteapp.com,0,0,1,3,0,0,0,0,0,0,0,1,1,1,1,1
caseid348957340934590.firebaseapp.com,0,0,0,0,0,0,0,0,1,1,1,1,1,1,0,1
fixedfloadt.us,0,0,0,0,0,0,0,0,0,0,0,0,1,1,0,1
edocuments18032022app-1310252903.cos.na-ashburn.myqcloud.com,0,0,1,1,0,0,0,1,0,0,1,0,1,1,0,1
keww-8484d.firebaseapp.com,0,0,0,0,0,0,0,1,1,1,1,1,1,1,0,1
weauthenticationmailaccesswebmailverificationauthorisation.pages.dev,0,0,1,0,0,0,0,0,0,1,1,1,1,1,1,1
cynthiagomes.fr,0,0,0,2,0,0,0,0,0,0,1,1,1,1,1,1
ygb886p1.r.ap-southeast-2.awstrack.me,0,0,1,5,0,0,1,1,0,0,1,1,1,1,1,1
cs.creativespree.com,0,0,0,0,0,0,0,0,0,1,1,0,1,1,0,1
mt1serviceonline.web.app,0,0,0,0,0,0,0,0,0,1,1,1,1,1,0,1
homjts1pihytouk.000webhostapp.com,0,0,0,1,0,0,0,0,0,0,1,0,1,1,0,1
balderamos-0utlook-invite.web.app,0,0,0,0,0,0,0,1,0,1,1,1,1,1,0,1
jo0b8k.webwave.dev,0,0,0,0,0,0,0,0,0,0,0,1,1,1,0,1
ipfs.io,0,0,1,3,0,0,0,0,0,0,1,1,1,1,1,1
j7401g.webwave.dev,0,0,0,0,0,0,0,0,0,0,0,1,1,1,0,1
acessoitau.rf.gd,0,0,0,0,0,0,0,0,0,1,1,1,1,1,0,1
perte-dimension.firebaseapp.com,0,0,0,0,0,0,0,1,1,1,1,1,1,1,0,1
urlaptops.ru,0,1,0,1,0,0,0,0,0,0,0,1,1,1,0,1
metafb-slwx5f9.web.app,0,0,0,0,0,0,0,1,0,1,1,1,1,1,0,1
voda-online.net,0,0,0,0,0,0,0,1,0,0,0,1,1,1,1,1
help-center341.crabdance.com,0,0,0,1,0,0,0,1,0,0,0,1,1,1,1,1
ipfs.fleek.co,0,0,1,2,0,0,0,0,0,0,1,0,1,1,0,1
twlttersjp.cf,0,0,0,0,0,0,0,0,0,1,1,1,1,1,1,1
onlinembank-pl.myvnc.com,0,0,0,0,0,0,0,1,1,1,1,1,1,1,1,1
infoeticweb.com,0,0,1,3,0,0,0,0,0,1,1,1,1,1,1,1
pilogerweacou.logpiwrmfun.repl.co,0,0,0,0,0,0,0,0,0,1,1,1,1,1,1,1
dabrefololokiffe.web.app,0,0,0,0,0,0,0,0,0,1,1,1,1,1,0,1
evernote.com,0,0,1,4,0,0,0,0,0,0,1,1,1,1,0,1
s.free.fr,0,0,0,1,0,0,0,0,0,0,1,1,1,1,0,1
dapps.instantresolver.live,0,0,0,1,0,0,0,0,0,1,1,1,1,1,1,1
pannello.hotelpizboe.it,0,0,0,1,0,0,0,0,0,0,1,1,1,1,1,1
cent3rs4f3ty67v3rific4ti0nnc0mf1rm4t10nn.000webhostapp.com,0,0,1,1,0,0,0,0,0,0,1,0,1,1,0,1
talkbot10.000webhostapp.com,0,0,0,0,0,0,0,0,0,0,1,0,1,1,0,1
ipfs.fleek.co,0,0,1,2,0,0,0,0,0,0,1,1,1,1,0,1
3ece2ac5-b93b-401e-93fb-cc1fb6522fdd.id.repl.co,0,0,1,0,0,0,0,1,0,1,1,1,1,1,0,1
a.60b7ac265566e3da4341f765b2d2a73200f8f1db57b0b005a1afdc00.com,0,0,1,1,0,0,0,0,0,1,1,1,1,1,1,1
wordpress-109852-0.cloudclusters.net,0,0,1,3,0,0,0,1,0,0,0,1,1,1,1,1
sfr-secure.fr,0,0,0,0,0,0,0,1,0,0,0,1,1,1,1,1
verifypplrefundshop.ddns.net,0,0,0,2,0,0,0,0,1,1,1,1,1,1,1,1
bollssr.cn,0,0,0,0,0,0,0,0,0,0,1,1,1,1,1,1
facebook-appeal-request-e2427.firebaseapp.com,0,0,1,0,0,0,0,1,1,1,1,1,1,1,0,1
pp2.34-222-28-15.cprapid.com,0,0,0,2,0,0,0,1,0,0,1,1,1,1,1,1
which0x008.firebaseapp.com,0,0,0,0,0,0,0,0,1,1,1,1,1,1,0,1
grupopurdymotorsregistrocitavirtual.webnode.es,0,0,1,1,0,0,0,0,0,1,1,0,1,1,0,1
derulimaplane.web.app,0,0,0,0,0,0,0,0,0,1,1,1,1,1,0,1
www-smbc-card-com.88264606.com,0,0,1,2,0,0,0,1,1,1,1,1,1,1,1,1
mergert.co.vu,0,0,0,1,0,0,1,0,0,1,1,1,1,1,1,1
b4e921f0.sso-mailsrvr-4344e5teed.pages.dev,0,1,1,1,0,0,0,1,0,1,1,1,1,1,0,1
dfde-2ab3e.web.app,0,0,0,0,0,0,0,1,0,1,1,1,1,1,0,1
microsoft255.yolasite.com,0,0,0,0,0,0,0,0,1,1,1,1,1,1,0,1
track-id-be.firebaseapp.com,0,0,0,0,0,0,0,1,1,1,1,1,1,1,0,1
tsgcc-handoffire.org.ng,0,0,0,1,0,0,0,1,0,1,1,1,1,1,1,1
help-center686.crabdance.com,0,0,0,1,0,0,0,1,0,0,0,1,1,1,1,1
balancer-app.1gb.ru,0,0,0,0,0,0,0,1,0,0,0,1,1,1,1,1
ipfs.io,0,0,1,2,0,0,0,0,0,0,1,1,1,1,1,1
help-center672.crabdance.com,0,0,0,1,0,0,0,1,0,1,1,1,1,1,1,1
claim-1inch.info,0,0,0,0,0,0,0,1,0,0,0,1,1,1,1,1
assaifatura.com,0,0,0,0,0,0,0,0,0,0,0,1,1,1,1,1
freightoinx00012.firebaseapp.com,0,0,0,0,0,0,0,0,1,1,1,1,1,1,0,1
qsmx.eu.org,0,0,0,1,0,0,0,0,0,1,1,1,1,1,1,1
namleyurto.weebly.com,0,0,0,0,0,0,0,0,0,0,1,1,1,1,0,1
320356334757957stndrscl.co.vu,0,0,0,0,0,0,0,0,0,1,1,1,1,1,1,1
katana.roninchain.sbs,0,0,0,0,0,0,0,0,0,1,1,1,1,1,1,1
secure.it.80-85-241-81.cprapid.com,0,0,0,1,0,0,0,1,0,0,1,1,1,1,1,1
faturalulzasegundavia.com,0,0,0,0,0,0,0,0,0,0,0,1,1,1,1,1
s22fc-ui.web.app,0,0,0,0,0,0,0,1,0,1,1,1,1,1,0,1
colombiaword.colombiawordtot.repl.co,0,0,0,0,0,0,0,0,0,1,1,1,1,1,1,1
mail-60.imsendg.com,0,0,0,0,0,0,0,1,1,1,1,1,1,1,1,1
yndl168.com,0,0,0,1,0,0,0,0,0,0,1,1,1,1,0,1
vstex.top,0,0,0,0,0,0,0,0,0,0,1,1,1,1,1,1
jytrjfghedghef.infura-ipfs.io,0,0,1,2,0,0,0,1,0,1,0,1,1,1,0,1
saleimfive.com,0,0,0,0,0,0,0,0,0,0,0,1,1,1,1,1
netinterbn.site,0,0,0,3,0,0,0,0,0,1,1,1,1,1,1,1
deliverydhl-status.web.app,0,0,0,0,0,0,0,1,0,1,1,1,1,1,0,1
leandeaddemoware.union00.repl.co,0,0,0,0,0,0,0,0,0,1,1,1,1,1,1,1
att-108784.square.site,0,0,0,0,0,0,0,1,0,1,1,1,1,1,0,1
caseid1008934573489573489.web.app,0,0,0,0,0,0,0,0,0,1,1,1,1,1,0,1
login-utente-com.162-0-237-145.cprapid.com,0,0,1,2,0,0,0,1,0,0,1,1,1,1,1,1
busy-volhard.5-255-102-199.plesk.page,0,0,1,4,0,0,0,1,0,1,1,1,1,1,1,1
projectraritytools.online,0,0,0,2,0,0,0,0,0,0,0,1,1,1,1,1
dynastyclinic.ae,0,0,1,4,0,0,0,0,0,1,1,1,1,1,0,1
fleek.ipfs.io,0,0,1,3,0,0,0,0,0,0,1,1,1,1,0,1
certificat-critair-gouv.net,0,0,0,0,0,0,0,1,0,0,0,1,1,1,1,1
credelesc.netsys.mom,0,0,0,0,0,0,0,0,0,1,1,1,1,1,1,1
mjaymup1bhkzmtn0aa.filesusr.com,0,0,1,2,0,0,0,0,0,1,1,1,1,1,0,1
interlogin-bper-sistema-supporto.cfolks.pl,0,0,1,6,0,0,0,1,0,0,1,1,1,1,1,1
goonline.helwani.com,0,0,0,0,0,0,0,0,0,0,0,1,1,1,1,1
magaziineeonline.com,0,0,0,2,0,0,0,0,0,0,0,1,1,1,1,1
preventivahealth.com,0,0,0,1,0,0,0,0,0,1,1,1,1,1,0,1
storage.cloud.google.com,0,1,1,2,0,0,0,0,0,1,1,0,1,1,1,1
bafybeibvspqtf3xhv4w57xyxauuanrfe7hrvc5skadwu3f7m4qx2vpa4a4.ipfs.dweb.link,0,0,1,1,0,0,0,0,0,0,0,1,1,1,0,1
syneoshealthlondon.co.uk.mcas.ms,0,0,0,0,0,0,0,0,0,0,0,1,1,1,0,1
bafybeibpobya2xuyf65uzlcfceot3iydsykulwwskbcwe6io7wlibuybdi.ipfs.dweb.link,0,0,1,0,0,0,0,0,0,0,0,1,1,1,0,1
verify-center63.strangled.net,0,0,0,1,0,0,0,1,0,0,0,1,1,1,1,1
storageapi-stg.fleek.co,0,0,1,2,0,0,0,1,0,0,1,0,1,1,0,1
amazon-ryrtujy.mefound.com,0,0,0,0,0,0,0,1,0,0,0,1,1,1,1,1
torccolborrachas.blogspot.com,0,0,0,0,0,0,1,0,1,1,1,0,1,1,0,1
pancake-app.org,0,0,0,0,0,0,0,1,0,0,0,1,1,1,1,1
dhanushr24.github.io,0,0,0,1,0,0,0,0,0,1,1,1,1,1,0,1
mascososoerd.maseccescrerd.qxkahc.top,0,0,1,2,0,0,0,0,0,1,1,1,1,1,1,1
controllaportale-manualmente.com,0,0,0,0,0,0,0,1,1,1,1,1,1,1,1,1
meugovbr.com,0,0,0,1,0,0,0,0,0,0,0,1,1,1,1,1
rcl.ink,0,0,0,1,0,0,0,0,0,0,1,1,1,1,0,1
outlook145.yolasite.com,0,0,0,0,0,0,0,0,1,1,1,1,1,1,0,1
www-ama-uoansdn-co-sdan.rcxqdv.top,0,0,0,0,0,0,0,1,0,1,1,1,1,1,1,1
fisgocattw.duckdns.org,0,0,0,0,0,0,0,0,0,1,1,1,1,1,1,1
svplotnikov.ru,0,0,0,4,1,0,0,0,0,0,1,0,1,1,0,1
info-id-online.181-215-68-215.cprapid.com,0,0,1,1,0,0,0,1,0,0,1,1,1,1,1,1
s3.amazonaws.com,0,0,1,3,0,0,0,0,0,1,1,1,1,1,0,1
100responsible.com,0,0,0,0,0,0,0,0,0,1,1,0,1,1,0,1
network-connext.org,0,0,0,0,0,0,0,1,0,0,0,1,1,1,1,1
ecjseqlskc.duckdns.org,0,0,0,0,0,0,0,0,0,1,1,1,1,1,1,1
buyshoeson.com,0,0,0,0,0,0,0,0,0,1,1,1,1,1,1,1
tukofertas.com.br,0,0,0,1,0,0,0,0,0,1,1,0,1,1,1,1
aggiornamentoinfo.one,0,0,0,0,0,0,0,0,0,0,0,1,1,1,1,1
hilanassbach.firebaseapp.com,0,0,0,0,0,0,0,0,1,1,1,1,1,1,0,1
sites.google.com,0,0,0,2,0,0,0,0,0,1,1,0,1,1,1,1
ww.acesso30hrs.online,0,0,0,0,0,0,0,0,0,0,0,1,1,1,1,1
pocztowy24.info,0,0,0,0,0,0,0,0,0,0,0,1,1,1,1,1
sitebuilder162459.dynadot.com,0,0,0,0,0,0,1,0,0,0,1,1,1,1,0,1
azuki-110716005.vercel.app,0,0,0,0,0,0,0,1,0,1,1,1,1,1,0,1
quarantine-mes2742022-1311564033.cos.na-ashburn.myqcloud.com,0,0,1,1,0,0,0,1,0,0,1,0,1,1,0,1
help-center576.crabdance.com,0,0,0,1,0,0,0,1,0,1,1,1,1,1,1,1
dominionovo4.com,0,0,0,0,0,0,0,0,0,0,0,0,1,1,0,1
fleek.ipfs.io,0,1,1,2,0,0,0,0,0,0,1,1,1,1,0,1
btbusiness-9f0a13.webflow.io,0,0,0,0,0,0,0,1,0,0,1,1,1,1,0,1
nibomart.com,0,0,0,0,0,0,1,0,0,0,0,1,1,1,0,1
steamtcommuniry.ru,0,0,0,2,0,0,0,0,0,0,0,1,1,1,1,1
att-109194-106324.weeblysite.com,0,0,0,0,0,0,0,1,0,1,1,1,1,1,0,1
online1-pdf.web.app,0,0,0,0,0,0,0,1,0,1,1,1,1,1,0,1
genopets-verify-connect.in,0,0,0,0,0,0,0,1,0,0,0,1,1,1,1,1
profilclient2025.firebaseapp.com,0,0,0,0,0,0,0,0,1,1,1,1,1,1,0,1
app-parasaian.tacbxjsspw-ypj68pkov3l2.p.temp-site.link,0,0,1,0,0,0,0,1,0,1,1,1,1,1,1,1
atendimentobtgcorporate.com,0,0,1,2,0,0,0,0,0,0,0,1,1,1,1,1
amazon-xcxvcvfd.jetos.com,0,0,0,0,0,0,0,1,0,0,1,1,1,1,1,1
signin-a86d6.web.app,0,0,0,0,0,0,0,1,0,1,1,1,1,1,0,1
beer.eventh.top,0,0,0,0,0,0,0,0,0,0,0,1,1,1,1,1
